{"IcoMoonType":"selection","icons":[{"icon":{"paths":["M157.538 157.538h315.077v236.308h-315.077z","M157.538 630.154h315.077v236.308h-315.077z","M551.385 157.538h315.077v236.308h-315.077z","M551.385 630.154h315.077v236.308h-315.077z","M945.231 157.538h315.077v236.308h-315.077z","M945.231 630.154h315.077v236.308h-315.077z","M1339.077 157.538h393.846v236.308h-393.846z","M1339.077 630.154h393.846v236.308h-393.846z"],"attrs":[{},{},{},{},{},{},{},{}],"width":1890,"isMulticolor":false,"isMulticolor2":false,"grid":0,"tags":["drag-area"]},"attrs":[{},{},{},{},{},{},{},{}],"properties":{"order":35,"id":0,"name":"drag-area","prevSize":32,"code":59655},"setIdx":0,"setId":4,"iconIdx":0},{"icon":{"paths":["M480 99.528l-341.102 384.252c-6.689 7.5-10.776 17.446-10.776 28.346s4.087 20.846 10.813 28.389l-0.037-0.042 341.102 383.937 63.937-56.693-316.22-355.591 316.22-355.906z","M170.709 469.291v85.354h725.354v-85.354z"],"attrs":[{},{}],"isMulticolor":false,"isMulticolor2":false,"grid":0,"tags":["back"]},"attrs":[{},{}],"properties":{"order":30,"id":5,"name":"back","prevSize":32,"code":59649},"setIdx":1,"setId":3,"iconIdx":0},{"icon":{"paths":["M867.087 341.417l-358.11 243.78-362.52-236.85-46.614 71.496 386.457 252.283c6.59 4.374 14.683 6.979 23.386 6.979 8.902 0 17.167-2.726 24.006-7.388l-0.148 0.095 381.732-259.843z"],"attrs":[{}],"isMulticolor":false,"isMulticolor2":false,"grid":0,"tags":["chevron-bottom"]},"attrs":[{}],"properties":{"order":31,"id":4,"name":"chevron-bottom","prevSize":32,"code":59650},"setIdx":1,"setId":3,"iconIdx":1},{"icon":{"paths":["M604.409 104.252l-256.063 383.937c-4.535 6.675-7.24 14.911-7.24 23.78s2.705 17.105 7.336 23.929l-0.096-0.149 256.063 383.937 71.181-47.244-240.315-360.315 240.315-360.315z"],"attrs":[{}],"isMulticolor":false,"isMulticolor2":false,"grid":0,"tags":["chevron-left"]},"attrs":[{}],"properties":{"order":32,"id":3,"name":"chevron-left","prevSize":32,"code":59652},"setIdx":1,"setId":3,"iconIdx":2},{"icon":{"paths":["M400.945 103.622l-69.921 48.819 248.819 354.331-231.181 366.299 72.126 45.354 246.614-389.921c4.093-6.432 6.523-14.27 6.523-22.675 0-9.205-2.915-17.73-7.872-24.701l0.089 0.131z"],"attrs":[{}],"isMulticolor":false,"isMulticolor2":false,"grid":0,"tags":["chevron-right"]},"attrs":[{}],"properties":{"order":33,"id":2,"name":"chevron-right","prevSize":32,"code":59653},"setIdx":1,"setId":3,"iconIdx":3},{"icon":{"paths":["M482.835 348.661l-383.937 256.378 47.559 70.866 360-240.315 360.63 240 47.244-71.181-384.252-255.748c-6.641-4.47-14.82-7.135-23.622-7.135s-16.981 2.665-23.775 7.232l0.153-0.097z"],"attrs":[{}],"isMulticolor":false,"isMulticolor2":false,"grid":0,"tags":["chevron-up"]},"attrs":[{}],"properties":{"order":34,"id":1,"name":"chevron-up","prevSize":32,"code":59654},"setIdx":1,"setId":3,"iconIdx":4},{"icon":{"paths":["M127.874 85.354v853.228h442.52l325.669-279.055v-574.173zM213.228 170.709h597.48v449.764l-271.811 232.756h-325.669z","M594.417 597.333c-17.835 0.28-82.417 5.333-82.417 85.333v213.333c0.076 18.221 42.706 28.072 56.5 16.167l298.583-256.083c14.925-12.893 5.973-58.667-13.75-58.75h-256c-0.74-0.003-1.728-0.019-2.917 0z"],"attrs":[{},{}],"isMulticolor":false,"isMulticolor2":false,"grid":0,"tags":["File"],"colorPermutations":{"16661":[{},{}]}},"attrs":[{},{}],"properties":{"order":22,"id":1,"name":"file","prevSize":32,"code":59648},"setIdx":2,"setId":2,"iconIdx":0},{"icon":{"paths":["M469.291 127.874v810.709h85.354v-810.709z","M170.667 85.333c-85.333 0-85.333 85.333-85.333 85.333l0 170.667h85.333l0.042-170.625h682.52l0.105 170.625h85.333v-170.667c-0.083-23.449 0-85.333-85.333-85.333z"],"attrs":[{},{}],"isMulticolor":false,"isMulticolor2":false,"grid":0,"tags":["font"],"colorPermutations":{"16661":[{},{}]}},"attrs":[{},{}],"properties":{"order":21,"id":0,"name":"font","prevSize":32,"code":59651},"setIdx":2,"setId":2,"iconIdx":1}],"height":1024,"metadata":{"name":"kaklat","designer":"sipaw3310","license":"cc0"},"preferences":{"showGlyphs":true,"showQuickUse":true,"showQuickUse2":true,"showSVGs":true,"fontPref":{"prefix":"ki-","metadata":{"fontFamily":"kaklat","majorVersion":1,"minorVersion":0,"copyright":"cc0","designer":"sipaw3310","license":"cc0"},"metrics":{"emSize":1024,"baseline":6.25,"whitespace":50},"embed":false,"noie8":true,"ie7":false,"showMetrics":false,"showSelector":true,"selector":"i","showMetadata":true,"showVersion":true,"resetPoint":59648},"imagePref":{"prefix":"icon-","png":true,"useClassSelector":true,"color":0,"bgColor":16777215,"classSelector":".icon"},"historySize":50,"showCodes":true,"gridSize":16}}